3251134	的鬼魄魅皈魑魃魉魆皭皦
1	一
1324	不
2511124	是时最果题味暴颗逞杲啧嗷嗉晡夥矍唛昺暵暕
52	了凵
34	人入八乂
132121	在
132511	有百
3121534	我
32525	他
4134454	这冷忞
4354	为
454	之
1431234	来赉慭
134	大丈
5434	以
342	个
2512	中
211	上
32425	们
1541212	到郅
4543255	说
2511211	国里啦嘻哇嗜啪墅哮咭嗑噎圊啫
3123421	和程香稍租稆馞馧盉
121525	地
525	也
521	子卫孑
4313254	道夔馘
52252	出
132522	而
1252211	要
112	于干亍
4125124	就京襄敲衷瓤𠅤
124	下寸
3322514	得
12512	可
3235234	你您
311212	年
31121	生
325111	自
341154	会
511352	那
331251	后
5425115	能
54124	对
4311131	着差羞翔羟鲝
1251512	事
1221114	其取联某职聚聪欺耿聂藕葜聆戡綦聩颞蓁惎
3351332	所
12154	去
332112	行
124454	过
4451354	家宏宠宬
12	十丁
35112	用
53544	发
1134	天夫
531251	如
3544134	然
3231211	作倕
4153	方
135534	成
1213251	者拍翥垍垧
354354	多
2511	日曰
1213252	都埠擤埤捭
111	三
234	小
451512	军
11	二
1135	无元
251251	同吕
354	么及久凡夕丸勺
5515411	经
4411214	法澍瀔漖漹𣸣
243511	当
1212135	起
151	与
531521	好
3113251	看
4434551	学
1132454	进
3123422	种利犁
4123544	将奖浆桨
1324454	还
3453	分
212135	此
4544	心
4312512	前
1325221	面鸸
54	又
4451214	定
2535	见
25134	只史央叭
41121	主冮
4413554	没沟㴔
3454	公乏
3434	从父爻
3113421	知智
3212514	使便傅
4143122	部章端剖鄣
12341	本
115453	动
1121255	现琨靓
251341	因
1132	开井亓
2121351	些雌砦訾
1121251	理青瑁璐璀璎珇珵瑆琄䴖
3154	长
2511351	明园盟晷昀曌鹖昫
1234432	样柈栟
4143124	意赣歆戆瓿
515	已己巳弓
3511	月
12121	正
1234254	想棵椤枳枘楒㭎
4454414	实
1215215	把
3225111	但堡倡俚
1234251	相查樱杏桐榻杳楫柚桯榅榀梠
1253434	两
51515	民
531525	她
53	力乃刀
4134	文六
3143144	等笑策符筑筹笼簿筵簇篷纂笺箫簧篱篡笾筷箕篆笈筏箓箴簸簌筱笊籁箩篾篑篌箦篯篥筻簃筼筤簝箖簉笯
3143143	第筋笏笋笫簕
35424	外处
1121	王
4125121	高亩鹫
425251	问
1344	太犬
44134	头
4421121	情
125351	西
123435	机
44535	它宄
252511	回
431132	并
4252511	间闾阃阊阘
3112	手午牛
25351	四
431134	关
3125111	重
4134431	应
121	工士土
4423111	性
341121	全
425	门
121335	老
3251113	身
2125144	点
15234	东
25121	由田
3212512	何
325251	向
154121	至
3121353	物
2125114	战桌逴
22431	业
4523454	被褪裰袂衩襁裉袯
1212134	政走越赵趣赴趱趑
2534	内水贝冈
1251	五
35	儿几九匕
312135	先牝
445531	安
1251154	或惑彧
3325114	很
5524	书
3112522	制掣罅
4311214	美羡羲恙羹羔羑羕
252	山巾
3212341	体鸺
4143112	新辛辩辨瓣辫
3212	什仃
4531221	话
354251	名各
341251	合
53251	加召
12215	世
14312	平
2434522	常掌䣘
3241431	位倍僮
3241111	信售雠鹪隹
4131224	度庶遮庹䗪
414313	产
41431	立
1215213	声
1225432	南
32154	代
531	女
4111251	言
551	马
3411241	金鑫
5425114	通熊恿枲
3412512	命拿俞郃龠弇鄃
5513411	给验
3121124	特犊
4312344	数类粮迷糕粪糙糠敉粽糇遴糗粳糅糍糨粿
413534	次衣
4413154	海涐
3445	今
1121354	表麦玖麹麸玓
1332514	原愿
1221112	斯耶聊斟鄹聍耵
434	义
434242	州
3235	化仇仉
251	口囗
323121	任
1225114	真萧颠荨戟茛菉
123	才
1213524	教换搀堍
4452511	官宫宜宴宙
2343	少
51251	司
3321224	德
3535112	解角卿斛觯觭
4524252	神
253422	则刚
45434	必议
3212134	兵
3115	气毛
12112	打圢
2512534	员呐呗呙
125211	再
453435	论
2515322	别
2513312	听
1212514	提博损鼓操戴哉袁捉堤颉熹撮攫摞甏埙摁埚埘墁憙
153	万
135435	死
1251134	更
1535	比
3443454	受爱
3212254	做
35234	尔乐
5115452	即
1215254	报
1225111	直朝翰矗莙
32511	白
4325144	总
2111211	非韭翡
5111124	建
21135	北
11234	未示末
5153154	张
34454	令
3354	反
231252	师
453112	许
3541234	条
4122344	变恋蛮栾脔
3554234	系
4512	计订
25111	且目旦
4534	认
243135	光
3143141	管答简签籍箱筒笃篮笛笨簦笠笙竺簪笥筠笞笪筮笳箸笮笤笱篓箔篙筘篝簋簠箜篁筌箝箐箬籀筲筀筶筜筥
2512121	路踏胃蹈蹦胄趾蹋躇踵啃蹬踞跏躔鹭跚蹭躏跬跖跆蹉踮踣踟蹚蹯蹅蹓蹜蹢蹐踒
1214141	接拉培撞摘垃墒掊揞
1211354	城拔扰拢垅
4413121	活浩潲
3225114	保俱偶俣煲倮
5511211	结绪
1215452	却抒
1213521	指孝拘撸
1312514	感咸厨
5432411	难
2511121	量呈暑晒晤瞿瞠睄暿晅
35453	务
4415421	治
121533	场扬
2512144	思迪蝶蚁螺螅虾蛟蛛蚊蟆蛾蠼蠓蛉蟪蜗蜒蠖蚨蚣蜓蜈蠛蟋蠊蛱蚋螭蝮螟蜮蜍螨螈螓蝾蜞蟥螵螋蟓蜾蠋蟏蛃䗴
25115	电号
4453411	空窒
53454	边
5514155	统
323112	件仵
1221111	期基耻娶藉聒聃碁
1225135	克兢
4143452	帝
4143114	亲辣竦竑
3125114	复
3241121	住
4511211	请
41252	市
4153314	放族旅旗旋旞旐
3534	风欠
4135344	资瓷恣粢
1241344	求救裘逑
355215	色
1132333	形
4153511	望
321154	传
2511154	眼县悬瞩瞰睽睃
4133214	府腐庾庥廋
3445414	领衾瓴
4411121	清汪
415134	决
3121251	告靠鹄
25152	叫叩
5234	队
5152514	强
3324111	往
1345	区
413434	交
1121214	武璨璩琡
134454	达
4524121	社福禧祜禋
123454	权
3123442	科
453554	设
1234521	李椭楣杻
542535	观
45515	记
5153134	改
5131224	展殿
425521	字
1225134	故荩蔚
2512511	品器唱骂嗣哩咽鹃嚣圃咀鹗喟圄嚚哃
3525134	象够逸兔奂
1223235	花
15	七
4451135	完
1234124	林村模梦楚禁森横枝焚棋柄梗棱梵檬樾椟楝橞梽欂楪榑棫槱槚㭕
3511524	服
1222452	带
1215131	据握
2512132	界
1154	云专
4434525	觉
3235254	像货儳
5244515	院
534	飞刃
1135454	远
523134	收
13251	石右
343434	众
1512	车
3225134	候
1521114	转辏轼
122134	共
312	千
112154	式
31134	失矢
4414155	流㳘
3155414	每繁敏
4541534	该
5315421	始
1512454	连
12344	术
3312454	近
1234351	格棚栅榴檐橹枸椆栒
4414132	济浏淬
1154454	运
3121144	怎迮
2121233	步
54251	台
45211	让
441121	江
4411252	河潭沛滆
4525134	识
1134255	规
1234354	极构橡枫栎杓柢柊
1553	切
1211214	持封卦恚撷堎墕
1221321	若荐苤茬
1222514	英莫慕蔓茧颧莴蕞莳蕺蒽葸蒉
355112	争
12153	功扔
4414534	深浓
3542511	备雒
3121254	造犋
522511	阳
4425134	快
3241114	集焦
13252	布
513444	尽
3512121	周雕
4451124	宗宝寒赛寨蹇褰
4134114	病斌癫瘛癞痔疣痣赟痍瘼瘃癀瘭凃
323512	华
3123434	称移稳黎秩颓黍稔黧稌穄
2522134	罗蜀逻
515124	导
1325132	确碑斫硚
2515135	呢
5344	办
1234514	根棣橄棂楗
12252	节
11252	击邗邘
4143251	商
5215234	陈
4334	火
443134	兴
4414111	注
2512514	虽哭患喂嗯噪颚喁嘬咉
341234	杀
132521	存
125125	臣
4132411	准
413	广
4313251	首
34312	乎
2511114	具昧瞒昊昙睫瞟睐嗪瞭瞋矇眬
1221115	甚聘耽
1221254	黄散燕鞭鞠鞅蕙鞑蘸莆鞣芰鞮鞬靺靸鞁蔌颟蔈
4411224	满洪漠潇滇淇潢渫懑滢潆濛滠溁潵濩
4453431	容窗窄窖窎
4325112	单郸
4535121	调
251315	吃吒
12251	古
3143142	算篇箭竿簟筛筝笄竽筇籥箪筚箨簖箅劄簰
251112	早吁
5152	引
3434121	坐耸
3331324	须
4512121	证诘
4134524	离
551354	约级纨
55414	母
5512511	组细绢缉骃缊驵驲
4513413	房
4325241	曾䎖
325434	似
2511353	易呖昒
5213254	随
4312341	精粗糊粒糖糟粘娄籽粕粞糈糌翷粬𥻗
4524255	视祝
4312342	断料粹糯籼糒
2432521	尚
2511413	影旷昉
5234114	除
4523453	初
3251114	息射健躲臭遑臬齉
445124	守
2434525	党
43112	半
3312254	质遁斶
1521541	轻
4512511	语
4125135	况
4431342	举
3251111	皇躺翱齁齄齇
1353	历
3111514	钱镇铺铸链镖钰钺钚镆钛镣锲镬镈镢钹铖镊铗铼铽锳𨱇𨱑
3545321	留鹠
2511534	照
45151	写
251231	团
4512131	诸
4251221	闻
413234	亦
2512134	足畋畈畖
3411234	余途叙佘悆
1251231	整
323432	价
5413433	参
1254	支
551121	红
5212512	阿隔
4412431	消淌
2511311	星昨
2535441	图
1224411	落藩菹茳蕰
45245	礼
1224521	营
1214321	增
5211234	际
1541214	致臻
1214544	志
4132354	夜
1452442	需霹霁酃鄠
1535321	皆
13121	左
4453435	究
44154	汉
3445454	念
5115415	既
2511221	显嘲哑咕喏嗒喵嚆咁咡
4311344	送豢桊
2522111	置署羁罡罟翾鹮
122431	亚
1213241	推堆
5131221	居臀
135422	列
5113251	君
35515	包
1211254	技域捕搏埂埔攮摽
4351523	弟
5511154	线纭
4453541	客
3123451	委季
5513544	终缝绦
3121354	选赞
13534	龙戊
1213543	势
121315	考托圪圫
5133254	属
4411251	酒洒漕洹湮浯
453534	农讽
3413252	希郗
3215	片
1325154	破碌碾磉硍砄
4525121	谓
1212511	喜担坦嘉抽埋捐揖捏塌捆撂瞽掴嚭囍埕喆揾垌坥堌坰
5153224	费
4543344	谈
4143121	音站童韵韶𦒍
2121	止
251551	吗
1211534	找
3445114	食
4121214	装
5513555	绝
3122514	敌适舔憩
4454542	密甯
4451111	害豁
1325112	研郁砰硎砗矸奡砢磹
413422	刘
3241354	依佽儦
1214451	按控揎埪垵
1213134	攻
342121	企
4455314	案
4453544	察额
2543124	黑默黥黩黟黢
3215412	倒
4453414	突窦
5135251	局
1213554	投
2343251	省
3434254	欲谼
4155442	率
1224313	严
3321214	待徒惩
23511	归
1311345	医
11214	玉
1214513	护
1341252	奇剞
3354141	船盘舶磐艄舳艚艟艏舾舴舡舢艋艎鸼
252354	岁帆岌
3325112	律
1234114	标械栈榛楔柰楱梼栻
2522121	罪帖
2515215	吧邑吼
5113252	群郡
1113421	春
2513251	响咱囿喤
3253	仍仂
5211154	承
4153315	施旒旄旎
3551144	急
25153	另叨叻
5122114	敢憨
451132	讲
2512124	跟贵遣遗跳跃踪跌践躁蹲跋踩趴踱踉踌蹑跤跛蹊踝蹂趺跺蹶跹跞蹒蹴趿跗跽趵躅蹰蹀踬踽蹼躞跂蹾蹽跶躜踺跱踶𧿹
524153	防
3532514	独猓猥玃
1121254	责靛璟璪瑅
1521414	较辙辌
1315314	威
5454	双
1225344	苏
4311121	善
1234414	校核椋榱榇檩
2511521	围
1354	友尤歹
551515	纪
3254	仅
4532411	谁鹤隺
4424124	惊懔忭
4133514	底
5214154	孩
1221252	革苛靳鞴芾鞒鄞蕈靽靬莿
5513241	维骓
5215	巴孔
3212214	供
4412	斗
4311345	卷
5235412	降
5312511	姐姻娟娼媪妲娌妯媢
1221221	苦葫茸苷
4153342	刻
4313421	益鹢
2254554	紧
4413334	派
515132	异
3213542	例
4524251	祖禤
1121554	素毒纛瑑
3122515	乱舐
4423251	怕惶恤
2512153	男嬲疁
3354144	般艘艇舷舨艨舣槃舲艅
4134344	效
3211134	段俦傣
3111554	银键钗镄锓镪铍䥽
2511355	晚冕呃曷
4451251	宣富
4513	户
4414151	游鎏淯澭
3443124	采籴
3223543	修
5314514	娘
1234	木
1344454	态
153422	划
5511254	续缚骠缥骊绠
1214145	境
431234	米
3251214	假
4511214	试
3322524	微徽徵
323153	伤
4121344	状
43111	兰
4533124	诉
2511153	助
3321211	征
3511311	胜胙
4143125	竟竞竭
1211324	项坏抔堧
5514315	继绻
343452	爷
3531134	疑狨
35152	印
413432	齐
1251234	速束赖敕
3235154	低
4451541	室
5115344	退恳
3511341	脸脬脞
5251154	限
1213544	热恐贽蛩蛰掬跫絷
3212251	值估
4421324	怀
4511542	郎
5512534	纳纲
2511414	景颢曩晾暾旻晐暶昡㬚
3515	氏
121354	执巩圾
1132221	型
543534	欢
3525135	免
2512131	略
1211535	批挠
35355	犯
5114334	灵
1324251	否
1225514	药荮
2231421	监临
5512514	织驶骡缌缇缦缱缋缧骒缲
5211252	陆
35251	句
521234	孙
25135	兄叱叽
2522114	罢罴罘
1224553	劳
1223534	获葱荻莸芡薿
22511	旧
253434	网肉
5452134	预
442415	忙
3111511	错钵钳钍锚锖锴镭钲锘钴锗铕铒铚钸铻䦃𨱏
1234544	树梭懋杈楙
3251514	追
3232511	伯
4154251	育冶
4312241	普
4512114	诗
1251252	副鬲郚
415435	充
45534	永讱
2534123	财
54121	圣
325221	血
3113112	拜
1452441	雷露雪霍霸霜霄霎霾霏霪霈霅鹴
5154322	弹
531511	妇
2515112	哪唧
4411334	源
4313534	遂
345522	创
541	习
1225131	胡鸪鹕
352534	负
2534314	败账
4451234	宋
45124	讨
3323112	御衔
51335	尼尻
1224415	范茫
3123444	秋秘愁稼穰秾稂穟
1121124	球琳琪瑛璜珙珐璥瑱瑓𤩽
412512	冲
2513414	恩哙
511124	寻
4511534	良
1251212	哥画
3241252	停
1224314	恶戬薮蒹
5234141	险
3511354	股胝肷
4415324	波
1252342	刺
4532514	谢
1234444	述杰棕槟檫
1121134	环琢顼珑珹
3511412	脑脐
1222512	草幕摹鄚
3533454	忽
3212114	侍
1121252	静瑞珅
4311322	判
4311132	养
3123424	积稷梨秽馥秧稞穙馝
4425411	怪
122111	耳
5433411	登
2511254	遇曼映愚嗽哺吱禺哽曝颙囔嘌晪
4553251	诏
4135111	唐鹒
2434521	堂
1221211	著薹蓍
1214312	幸拼掷拌垟
1212111	排
44512	宁
3132	升
1234341	检巫栓桴鹀
3111534	铁钦钩铃钓锻铩铢锹钣锨铄锼锊锪钒镍锇铤锾铫铥锧镵
1355134	顾
4512544	读谏
1214512	挥
5431134	矣欸
1234533	杨
3251532	佛
2513411	哈啥
521512	阵
544134	买
2511411	暗昱曈
2112341	督
1253515	配酰酡醌酏
4134152	痛疗癖疖
1213444	授援擒捻拎捋埒埝坽
2121251	肯
21251	占凸
1252444	雨
1234431	楼栏槎椪
2513432	呼
3221324	顺
1251251	吾翮鹝
523511	阴
1113414	奏
53254	皮
2512251	固盅
25112	甲申叶叮
1223521	警苟荀
531551	妈
2254121	坚
523432	阶
2113521	背
2512454	忠
5313111	姓
1245554	索
4453413	穿窃
2511134	吴晨瞧眨瞅晟睬眺昃呋瞍眵昽
121251	吉扣
4413254	激澳溴
4452512	审
3414432	剑
5131154	层
3511122	脚肺膈腩
4414342	洲
4412343	沙
553	乡
1113412	奉
4135114	康庚赓
4414535	沉沈
415	亡
1212131	超趋趟趄趯
4512214	谋谍诹
4414454	演滨淀淙
125344	协
4411221	湖潮灌沽瀚洱泔溍溚
5311221	姑娅婼
32124	付
1121431	班瑳
1215321	招
1325114	夏硬硕砖碟磺碱碛硖戛砝砹礴碡碶礞礤砆硔䃎
4113124	减
325113	伊
1511251	妻
3525121	鲁鱼甸鳎鳍鲤鲇鲑鳝鲔鳕鲭鲱鳢鲒鳇鲷鲣鲳鳁鲴鲐鲻鳣鲾鳤鲊鲘鲌鲉鲖鳛鲪𩽾䲠
2511212	野嘟哳晫
4125145	亮毫亳
3431232	释鄱
1525134	顿
5112414	录隶逮逯
351355	危
3123445	税
4133431	座
321354	优
1354224	烈裂
1254254	丽逦
21124	卡
5131541	屋
4422514	慢惧憬怏愦
2515212	啊
351234	杂朵
1221354	藏茂茏茇
4411522	渐
131214	压
2534114	贼赋贱
4412511	温洞油泪湿涅沮渭潞涓涸濉澧涠汩汨溷浬溻洇灈沺
1234344	松桃樊赍桧枞檎麴柃梌
1113522	帮
1214135	抗坑
3251314	侯
4414312	洋湔泮洴潾
4131222	席
1225	艺
1212132	赶赳趔
32252	仙
4525114	误课冥谩
3111522	钟钊铡钾铞
1215134	块抉搌
3553354	饭
3552454	迎
4523424	补裸衲
3211	仁
1211124	款抹拭
153512	毕
321554	延佤
3123454	私魏透逶
5235514	隐
3434251	谷俎鹆
5232124	附
5511342	骑绮
4311342	郑拳
2153155	虎觑虤
1211524	载
3354145	航舰舱舵艉舭舥
113222	刑
1224514	荣蒙莹莨蒄
413121	庄
1234515	概杞
3511435	脱
3545252	岛
4311211	盖姜
3432	介
4135452	序
1113434	秦
4133124	庭
4551251	词
2511131	睡瞻睢睑雎盷
1234345	枪觋枍
2512125	跑距跪跨跄跷跣跎躐呲跐
5315444	怒
2153154	虑虞虔遽甗歔
1225434	献葵苡
251221	曲
3143145	笔笆筐箍笸笕箧篚篦篪筅筦箢簏筢篼
323453	份
2512341	困
32434	仪
413134	庆
4143453	旁
1551	互
14334	灭
4415344	梁粱
3113411	短
4514312	评
5514512	编骗
1214534	探悫
322	川
3122114	乘
1251214	歌
1345354	欧殴
4413541	洛溜洺
4334251	烟煜炯炟煋煴煟烔焆
4312534	尊遵奠猷遒
321234	休
5325114	架
3531354	犹
2512214	典
3511351	朋鹏脂胳朐
3323414	徐
3415344	逃鼗
3215334	版
1354321	雄
1221253	勒勤靿
3112524	缺
1212122	掉
4415412	泽
1213541	均垫坍鋆鸷銎垎
1213442	摇
2512515	喝咒黾鼍
1223524	敬菟檠
4134342	卒郊
312454	迁
1254414	卖
1213121	括插捶埵拃
4412532	测
2153151	虚虐
1353334	逐豕燹尨豮
5132514	避璧甓襞檗
3212211	借偌佴
3122512	辞刮
1523	牙
2521312	岸
2534253	赐
5452	予邓
3411221	舍
4414125	湾
3554451	馆
1355341	盛
1515	巨
1234334	板柝
1234123	材彬棼
1521342	输轷
3525122	鲜鳞鲆鲫鳊鲚鳙鲕鳐鲬鲗䲟
4513254	遍
1215412	择拚弆
3445251	含
3123453	秀䅟
4315114	兼歉
5313511	婚婤
2511523	呀
5311124	妹婊
323435	伦
5212134	陵
454153	访
2554521	骨鹘骼髂髅骷骺
4513554	诚
1121132	弄琦
4334355	炮
3111521	销铜钻铀铝锢钿铿铛镗锃锂钼钽铟镚
4132121	店
4134134	疾疯疼瘦疫痪瘢疚瘵瘐瘊疭
3231214	俄恁赁侹
2254254	贤
4131234	床麻魔麽糜縻
125134	吏
311234	朱
541534	戏
1252214	票贾覆飘粟栗甄瓢歅
1225112	韩斡
1224311	晋垩蒌蒴
252515	岂屺
4132344	迹
5131222	剧
4154544	忘
321344	伏
1213254	顶煮堠
4154132	弃
1341212	奔
2511111	睛晴旺睹睦瞄瞌睚眭䴗
3325324	彼
1325111	厚厘磕磊硅碴硒礌礓礵皕碃矼砵碏𥕢
45322	训
5511554	练
55551	丝
5513515	纸
1121314	珠玫瓒珽
2513241	唯
2512122	嘴蹄跻踊跸踔蹿啮踹罍踯趼蹁踦
251354	吸
4411225	港泄湛
1213312	折圻
5154151	弱
1452444	震零霞霉霆雯霖霰颥霨
433412	灯
4512211	诺谨
1134111	替
3431231	翻番釉
1234314	梅枚株楸枨梃㰀
4451121	塞骞謇
3112222	舞
3541	丹匀
1251224	遭
312154	廷丢
4125154	熟敦孰烹憝裛
1523321	雅
4415321	婆沼泇
4132511	庙廛
13	厂
1353444	袭
4131512	库
2112344	叔
2434514	尝
3554	凤勾殳
3251144	侵迫邀皎敫
2434524	赏裳棠
1211135	抚
5344544	忍
1213512	拥𡎚
1253511	醒酉酷醇醋酣酢醴酵酪醯醢酮醣酤酩酯醛醑酲醐醅
5515114	绿骎骕
5425113	勇
132534	页
3254314	奥俟
3321212	街
2511251	昌冒晶嘈曙唔哂翈咺
5515514	缘
2512154	累噱畯
1521345	轮
41554	玄
1213555	抱
1213324	抓
1211314	振撼
412534	冰
4135354	废
1112	丰
1225243	萨
4451225	宽宧
1121115	玩琴琶琵
134124	夺
1212114	焉拤
1234121	杜植桂桓枯栖梧槽杠婪桔柑樯槿楮桠楂桲榰榃棤
4411131	潜
1213514	抵垛坻
5235411	隆
3551	乌
3323554	役
324334	伙
4334311	炸㸆
2522142	罚
1223414	茶荼荟蔹
1211221	塔措描搭垭埴坩墐
1251221	曹
3443123	彩
53153	奶
1325152	础砩
25154	叹
1113424	泰蠢
1354114	残
1113124	寿焘
2511155	晓昆鼎眠
53154	奴
5513444	缓绶
2111214	悲裴斐蜚棐
4425114	恨
2525121	圆㟃
3535211	猛狃猸
1243154	丧
35444	冬
5513434	纵驳
23252	帅
1521354	软轹
555454	巡
3553534	饮
2524454	崇
4334155	烧炬炖
5312343	妙
445112	宇
1212524	摆擐
5131124	尉慰熨螱
4423241	惟
5515321	绍
5235321	陷
5213354	孤
3245132	偏
1152454	违
3431234	悉
3215114	毁叟臾舄鼷
12115	巧
5511525	纯
3434525	爸
4251234	闲
352511	旨旬旭旮
3234341	俗
1341214	套
325	亿
4454334	灾
4421354	忧
3531121	狂猜
5513453	纷
2511314	喊晦曛戥昳
1224124	蒋藁蓑苄蘘
1234332	析桁
4414514	浪
5225111	阻陧
1224414	薄蒲藻蕖菠蒗蒎薸
1354314	殊
42534	闪
1234352	柳槲桷檞
3243251	僧
5315544	姆
5325151	驾
121413	扩圹
4412515	混渴渑滉浥涄
5435	允
1213311	哲誓垢晢
321152	伟
5	乙
1215434	埃拟挨揆
4453453	穷窈
1234312	桥杵杄
4334134	烦燎
3225124	促偎偲
1121343	珍玢
3544544	祭
2534354	购
3325411	径
1211241	墙
3225112	伸
35451	鸟
5134	尺夬
322512	仲
3252	币
1211211	挂堵拮堼垚
4413125	洗
4513251	启肩翩扃
3453254	贫
4135341	盗姿咨裔
1311534	辰辱蜃
5315453	努
5453	劝
1312	厅
1224155	荒茺
3224	仆
4413514	染泜
5212145	疏
3111512	针钉镉锜锛镡铏钶铘钘
3545324	贸遛
1214134	裁坟掖摭摛𡐓
4253541	阁
512454	迅
1251124	惠甫敷逋
5134454	迟屄
4125151	享塾鹑
425123	闭
4413521	沿渔洵泃澛
3225342	侧
1212534	贡坝汞
3452	凶
525341	丞
5133115	尾
4254122	闹
5513541	络骆绺骝
3412514	愈逾龛颌歙龢
3323522	衡
5415414	翼戮戳
441531	汝
1234134	杯杖橱槭橛栊杕橑椓
152352	邪
4143134	颜毅飒
1222231	蓝
4453211	宿
5211	丑
5132511	壁臂届譬嬖鐾䴙
3215134	倾
1224153	芳
431112	羊
4453214	宾
1554	瓦
4131232	摩
1213234	赤赫赦赧螫赪
4423411	恰
121124	寺
3215322	牌
2121354	紫柴赀
3234122	偷
1154324	魂
4413241	淮
51532	弗
1223444	菜苓菍
1221434	莱荚
4412123	涉
5514111	驻
3534514	狱狼
5212521	孟
2511531	昭鸮喈
2513534	吹唿
3533521	狗
3111545	镜锐钪钔锍锩铳铊
1251254	融逼卧鬷敔
1211515	拒
4414134	渡液滚漓汶濂洨滧瀌
12211	甘
2554524	骸髓骰髃骶髁髌髑
5112324	肃
4511354	冠
3321553	彻
3254344	俊
3535114	触狠蟹邂觚觖觫
3545544	怨
1214121	搞擅
1221344	恭萘蕨荙
323552	仰
4511541	朗塱
3443254	爵
4543112	详
4554112	译
4135512	净
3214314	侠俫
4413441	浮淫滔浛
1342511	奋鹌
1521331	暂堑錾
44115	汇
3121221	垂
2554552	幽
1325224	耐恧
5213251	眉陌堕鹛
4415112	津
4453125	宪
1132534	戒
111352	邦
5325414	颇
3243112	伴佯
4454142	宰
45512	讯
412121	壮
2523154	帐
134334	灰
13153	厉
5521254	贯
5325124	贺虱
4425524	惯
1213414	挑逵
321534	伐
5435451	鸡
1341124	奈
4414334	淡
3511251	胆腥胭胴腽腘䐃
5215351	陛
4421221	惜懂懵怙慬
3231215	凭侁
2111212	辈剕
251214	虫
3212122	岳
5241432	障
1215421	抬盍
5313134	妖
324153	仿
21513	卢
3211214	债傲俵傃
4421344	恢憭
4413115	汽
1213431	播挫墦
3251124	泉
2511234	呆噤啉
531112	奸
312312	竹
441533	汤
513	尸
4524514	禄祲
5454544	桑颡叕
4315231	朔塑
11222	刊
4422431	悄惝
2513541	鸣咯
55453	幼
3251112	鼻皋鼾劓
1521332	斩
4334434	炎燧焱燊爔燚欻
1214154	撤垓
4315544	慈兹
1224413	荡莎
4413454	泛
1211134	扶掭
5514451	缩绾纻
4125152	郭亨亸
12234	艾
2534431	赠
1121551	玛瑙
3511121	腰腊肚脖肛𦙶
3515251	昏
3443535	貌貔䝙
4125144	豪
2521321	岩
3215444	袋
3511352	胸
441525	池
3123433	穆秭
4141254	凉凛
4524432	祥禅
1223212	荷
1212513	彭拐拽埸劼
4134111	症疟瘩瘗痘痞癍痖疳痦癗痓𨭉
4334254	爆烛燥炽熳煨
212534	贞
4451342	寄
441112	汗
4414251	润涧
4125134	哀
3511514	腿腱脲膙
3411222	舒
35351	册
4524254	祸祼禔
1211345	掩垮挎抠埯
1512544	轰
1211224	摸摄撒填拱搽堞揲
3224344	偿
4423444	怜
1213455	抢
4425	忆
12534	丙
3121314	牧
234134	尖
1521124	辅辆辕
1152	韦
1223121	董萎
3212111	佳
3354454	返
4254325	阅
1223252	薛萆
5135222	屈
251121	吐
5511345	驱绔
2543111	圈
121511	扫
2543121	墨黯黠
5412153	劲
41551	冯
1325142	碎磷碲碥䃅
251124	吓
1212421	盐
3122112	剩
1253512	醉酬酗酊酐
4315234	逆槊
3111532	锦锋铮钏镎铧钎
4351524	递
1344532	牵
4312343	粉糁粝
52454	辽
4424325	悦
2513524	唤
3443314	遥繇
5235312	陶
4451134	寇
1225115	乾
321251	伍
441115	污
1325141	碰磋砬碚碹砫硿
4311334	叛
1215	扎丐
2523542	峰刿
3553122	饰
3235122	佩
5511535	绕骁纰
1355	匹厄
4421225	慌
4412514	溃漫浊澡涡瀑灏浞泱漯湜漶淏潩淟涢
5545	幻
3511314	腹胀臜
1213124	挺揪攒
1521251	辑轴辒
324354	伪
4415135	泥
2534211	贴
315	乞乇
5311224	媒嫫娵嬿媖
1221352	葬
1112114	慧
3511355	胞脆
3121	壬
32521	仔
1325151	码磴硁
4125142	亭
234121	尘
3312354	欣
3445452	邻
313432	乔
32134	仗
3111524	锁钢锅锣钡钠镯锶钋锝锞镤镘镙镮
1221514	莲荑
541541	羽
5241431	陪
3324525	爬
3455	仓
3533	勿
4531124	诛
151534	夷
4421251	悟恒恓
1215154	撰
4421214	愤怯恃㥄
445315	宅
4134314	廉
32121	丘仕
2521251	幅崾峘峿
2431352	辉
4412551	滑
4534122	谕
4451254	寅戭
12124	扑
5452314	柔
5153524	弥
5213424	蛋
1221132	荆
2121234	频
3511534	胁
2512155	唬
1325124	碍碳泵碘碨𥖨
1325143	矿磅
3511431	腾膳媵䲢
3245121	储
1112534	契贰絜恝
3312251	盾
2121344	龄龋龈龊
4325121	兽
2135454	餐粲
4411211	洁鸿渚洼溘涍
3511434	朕滕縢脒螣
4425413	惨
1213155	拖
4131231	磨靡
1213214	搜拊埏塅
3214522	儒
3553414	馀
1245523	勃
5511124	绩
5452354	豫
1253514	酸酌酥酿酝酶醮醺醵醭酺醚酹醍酾酎酞酴迺醨醾逎酦
335414	舟
4534333	诊
2525155	凯岷觊
4453112	牢
2231431	鉴
5514454	综绽缤
1525	屯
115	亏
1221251	昔鞋鞍鞘鹊鞫茜韂鞯靼堇鞲鞧鞡荁鞳黇
1354121	殖殪殣
1234411	柱桩檀槁椁橦棓
4421224	慎慑
5433414	癸戣
4523421	袖袒裆裎褴褙褟
4125114	衰裹
1222111	菲
1223455	苍
143134	夹
54523	矛
1315353	励
5415412	翠羿翚翀
1211225	堪揕墘
2511354	歇遏咙啄煦
4134154	疲痕瘾瘸癜瘙瘕
4451112	割
1213411	拾捡拴
1214124	掠壤攘壕墩抃
3213121	佐
35352	卯
415334	亥
531515	妃
131344	厌
3534334	狄逖
3445254	贪颔
2512145	蛇蝇蜕畹虬蝎蜷虻蜿蚬虼虮蚝蚍蛲蜣蝘蚆
1224142	蒂薪莘蔀
1325223	耍勔耏
1213244	截
4311343	券
2523251	帕
1234321	柏椎桕
1223544	蔡蓬菊
4523431	裕袷衽袼裣襜
35334	匆
4413444	溪泠湲
3531221	猎猫獾猢
4413414	涂溆洮浍潋
51554	弘
1215453	劫
5212344	逊
2523241	崔帷
4411154	浅沄
1521441	辖
4135324	凝
3121311	牲牿
1215324	坡披
1212512	押坤捍捌鼙抻垾𦰡
3541114	逢
1211154	坛鬓鬟抟鬃髹鬏鬘鬒
3511525	肥
4531233	诱
3323311	循
1121534	玻熬敖赘遨獒螯
5154544	忌
3221254	侦
3351154	殷
3454541	翁鹟
2512114	畏畴咔畎頔畤
4414512	浑
4424132	恼悴慵
4535251	询诣
1212515	揭挹堨
35535	饥
2512152	邮
4423154	悔怅
4143133	彦
1234135	枢柩杌
5133324	履屐屣
1213552	抑挣
131534	戌
4112134	凌亵
1222515	葛萼
1452443	雾雳雱
24	卜
4524515	祀祂
1211514	捷
3215424	贷黛
4254411	阔
3511454	脉脓
5314314	嫌媄
4334354	燃焕灼烁炊
1215354	拨
2121342	齿龂
1222511	墓苗暮萌茵蓦莒鹳苴葺菖苜鹋茼蕗藟
4411254	漂浦渎溥漱涑濑溧浭洓
1234132	椅
3411232	斜
5451154	艰
4311324	瓶迸
5134312	屏羼
5214314	陕
2514134	咬嘛
3434354	爹
4452114	寂
2513214	咐嗖咻
551525	驰
3123441	稿穜鹙
5132512	辟擘屌
2523444	岭
4134322	剂
34341	丛
2231425	览
5113	尹
2522511	帽岫峒帼崮岨
4153344	於颏
3123432	稀稗
1225124	熙颐赜葭
4451323	寡
4254544	闷
5314454	嫁嫔
4431341	誉
2432512	削
341534	兆
3111523	锡钞锄
1534	戈
4411212	浙
1251431	豆豇
1112342	耕
3212534	俩
4415422	涌
2513445	吟
5314153	妨
3312	斤
4135225	鹿麂麑麀
5315112	娜
2512533	勋
4513541	扇
3215115	鼠
1121321	碧珀珦琟瑝
2523511	崩嶦
1213553	抛
4143151	妾翊
55152	纠
5312514	恕娱絮娲嫘嫚媞
4131354	庞
2511344	暖晁吠暧哒咴呔嘹噘昤㬊
1213354	搬扳坂坬
4411134	添
1214132	挤墉捽垴垿
4334154	炼
2511245	晃
4411231	湘渣潸漤
5354251	盈
3224321	倘俏
3531211	猪
3251132	卑魁郫皞
1234433	梯
4543154	谦
4122345	弯
4334431	烂
153454	迈
1121114	瑟珏珷璈瑧玞琎璱
33544	瓜
2431351	耀
453454	讼
3321252	衙
4254314	阙
4535254	冤谗
2521434	峡崃
3322124	徙
415531	妄
1112345	耗耙
2153153	虏彪
152135	轨
1213243	携
3511411	脏臃膻膪
1134251	吞
33124	斥
5313214	嫂㛹
3215113	舅鼢
4134132	斋痢痈癣疥
251252	吊
2511252	呵喇嗝冔旵
4543131	谥
2513453	吩
1321124	戚蹙
1521312	轿
3511112	肝肼
3511533	肠
1121414	琼璃璇玟瓖玹𤫉
1513254	顷
2511352	昂咧剔昴
4413134	沃
3211154	舆
5313132	娇
5154154	弦鶸
2511452	晕晖嚅
4413431	潘浴滏
4155331	雍壅
351135	肌
5512515	绳骋绲
4135112	庸鄘鄌
3533354	狐
1325145	碗硫砣
4413432	渊
2511525	吨
3525133	勉
5313414	姚
2511214	喷哧唝
4513321	雇
5134311	屡
4143111	靖
2534411	赔赃
3443531	妥貂貉貊貆
3225231	催
5514134	纹绞缡
4415134	漏沢浕
3123411	稽穑秸稑稙
4414141	泣滴潼涪
5313523	姊
1214454	擦摈
4155421	畜
2125112	卓
1214412	抖
3551535	饶
1223453	芬
44534	穴
1251244	囊蠹橐
312251	舌
4414314	滋漾洣瀵渼
3443525	乳
5311514	姨婕
2511112	旱盯盱旰唪瞫旴𠳐
5513123	绣
1212121	扯址拈坫
3213425	俺
4513252	扁
3213444	僚
3415	兮
1311531	唇
432	丫
4415154	涨泓
3511432	胖胼膦
3511252	肿胛胂腨
1224324	蔽
3553124	饿
113534	戎
4125254	禀颤
4325232	弊
4334124	煤炳烘熛
2113524	冀
3511114	肤腻腠脿䏡䏝
234353	劣
4134131	痴瘤痊痤痿痄
4421322	怖
4152514	赢羸嬴蠃
3525125	鲍鳄鲲鲀鲵鲩鱾鲃𩾃
5513414	绘
1215211	扭馨磬謦
1213453	扮坋
5513254	缴缒缑骢缐
4133231	鹰膺
5151211	疆
4541254	谅
4413251	泊湟洎洫
122454	芝
1325144	磁碇磲磙礅磏
4532154	诞
5515211	纽
5514131	缠
1214311	拦搂搓搠墡
4334453	炉
1343154	厥
1222531	菌
123424	朴
1234122	柯楠郴栉椰
3215411	侄垈
1212343	抄
1212133	趁
3213412	倚倴
133125	匠
3123423	秒
4534112	罕
1234241	档梢樘
2522534	岗
134115	夸
344312	伞
2512142	蜂畔蝉蠕蟒蛹蟀蚪蚓蛴蚌螂蛑蚧蝌蛳蝙蜥蛘蟑蚵蜊蝻蝓蜱蚲虷蝲蟫䗖
3121121	牺牡牯牾
4411514	渠涟柒
4452514	寓逭
5131211	屠
2512512	串鄂呻呷斝嘢
1135134	顽
1214455	挖坨垸挓垞
135	兀尢
5241342	函
1212431	挡捎埫垱
1354312	歼
1521125	辄
5132522	刷
4453424	窝窠
1211152	肆
4525115	谒
5134251	昼
3223134	悠攸
1112355	艳
5311211	娃嬉姞
4454124	寝
3553555	饱
5513132	骄
5234121	坠
2511132	睁瞬睥睎
4134512	廊
5112412	剥
2522122	罩
3511441	腔胺膣
3453251	盆
4411114	涛溱
4453422	帘窜
5313254	媳
4111134	凑
4524511	祠
3515115	龟
25341	囚
1224141	菩蒟
2534121	赌
3324412	衍
5213121	隋
5513252	绵
3234431	俘偁
4523435	袍衿褫
4134122	癌廓痹疝
1521112	轩
1224151	蓄蕹
3325544	後
3531434	狭
4531211	诈诰
5244535	陀
1223431	蕃莝
4523433	衫袗
1121344	玲瑗瑷珧
1211125	匪
551312	纤
1213314	拆逝掀踅蜇坼
3511541	胎胫
1312212	厮
1325134	砍礁砾砥硪砭矾磔矽砜磜
5552514	巢
2513124	哦啾
1234155	柜桡枇
1214535	壳
3111531	铭钧钥锤铅锥铨锺镏锸锉铬铂钨锆锽铆铪镥
2534251	婴鹦沓赗冏呇囧
2515134	嘱
2534344	贬赊
3555121	饲
5132534	尿屃
4423254	愧懊
1224134	茨蔗蒺茭蓠芠藨
1234415	杭梳杧椸
4134513	庐
2432511	肖
3241334	俯
5511224	骤缜骐
2511253	畅勖
2512522	喘
1211112	捧
5315211	媚婿妞
1223122	莉
3113415	矩
3115432	氧
1214153	坊
1234112	杆棒梆枅
3511413	膀肪
3551154	皱饯
1343434	爽
1234255	棍枵枧梣桤柷
4415431	滩澄
2514122	哼
53521	孕
3412511	盒鸽翕
4544521	谊
4554252	诵
1223545	苑
3251115	躬躯皂鼽
3531214	猿橥
3543524	卵
3532511	猩凰狸猖狙猬狷
3232534	傻
5531	毋
1214131	塘搪掂
4513534	冢诼
4512522	谭
1213525	挽
5313252	婢
5412114	颈
412531	妆
2511133	盼
2514124	嚷嚎
4423412	愉
1234322	棉桦槔榫椑櫆
5223424	隙
2513533	吻
2512343	吵
3115343	氛
4334321	煌
4523442	裤袢褊褯裈
1221324	惹芣蒇
2521311	崖
3511414	胶腋腑臁臆胲
1254541	翅
4422511	惺愠恫悝怛悃
4524332	祈
3511124	膜膝膊肢朦脯肘膘臌胠
425551	闯
3443452	舜
4421254	懒悚忮慓
2511222	鄙喃嘶嗬
4425115	慨
4115234	冻
2513254	喉噢嗅
544	叉
4413555	泡
1215411	擢摺
1222513	募
4454544	蜜宓
1234441	棺榨榕楦桉
1121411	斑瑭璮
2511151	瞪眙晊鹍
2513412	喻唏
1221342	莽䓫䢼
3122511	甜鸹
3251122	帛
2343241	雀
5311225	姬
5512343	纱
4415434	浚涘
3113431	矮雉矬
5454541	叠垒
1214521	壶
4412231	滥
1212521	摧堽
1225453	茅
2512141	虹蝗蜡蚂蛙蝴蟠蟾蛔蜘蛊蛭蝠蛞蟮蛤蚯蚱蜻蛐蛄蛀圉蛆蚰螳蛏疃蚶蝼蜉蚺蝈螬蝣蝽蜢螗蝤蝰蜩蛸螠蜎虸䗛
1234455	枕
4135222	麟鄜
1222525	薨
3234141	俭
3441344	禽
451523	讶
1215132	掘墀摒堀擗
3443534	豹邈貅貘
4115111	凄
3533254	猴
4131345	庵
4253531	阎
4312513	剪
3454134	颂
4411222	滞澌漭
3122115	乖
3241433	傍
2511231	鸭喳
111215	匡
4411234	漆淋沐淞沭濋
353452	匈
1332321	雁
3251251	伺
3435	仑
3243115	倦
2121124	歧
153135	尧
3453134	颁
4153343	劾
4512245	谎
1234342	攀榆
5151325	弼
134534	戍
2525434	峻
4524131	祐祏
3121531	鹅
4515351	谐谮
3414434	敛
3531234	颖
1211234	栽
1312341	厢
4543121	谱
1221345	巷
4453545	宛
1214514	懿毂彀穀觳縠捩榖埌蠧
3551134	煞
4414311	溢溯潽溠溇湴
4451255	宦
5515444	骚
1234413	榜枋
3251254	禹
1223514	藤葡菔茋
4523451	裙褶裾
4325234	敝憋蹩
2145131	睿壑
4134341	脊鹡䴔
1224412	萍菏
4334351	焰烙熘
2534434	赚赕
5514513	驴
5514154	骇
4414121	淳澶
1224513	芦
4152511	盲肓
4422435	恍
3513341	詹
122415	芒
4415114	浸渌浔
112135	玑
1212432	撑
4412121	沾沚
4254322	阐
4415354	泼
2254411	竖
2511224	哄哎嗔喋嗫戢嚄
1234111	枉椿
4311341	眷誊鲞
4411345	淹沤洿
1221113	勘
3412342	刹
4554153	谬
2515434	唉唆
1215112	挪埽垏
3532312	狮
1324121	歪
4421314	憾恹
4524114	祷禊祆
3231342	侨
1213532	掏埆
1215431	摊
5325152	邵
5315135	妮娓
3151124	秉
1121342	瑶瑜玠
3511322	脾
5313124	娥
5551512	剿
3324	爪
1211321	拓坯
2515114	啸哏
5131535	屁
4412114	淑
2511514	暇咦
2521344	炭
3552514	馈蚀馒馃
2511141	瞎瞳䁖
3213251	佑侑佰偭
1523351	鸦
1215152	拂
1223532	萄茆薢
5425144	怠迨炱
3112122	卸
3554312	饼
2534334	贩
5515412	驿绎
1214251	搁
1313254	厦
1234115	框
121322	圳
3434332	斧
3232155	倪
1535135	毙
4453415	窥窍窀
4421211	怔愭
5512512	绅
2511321	晌呸喱
3525344	颍夐
4311135	羌羯羓
1225142	辜
2524121	嵩崞
4422523	愣
1325115	砸硗硭砒砘
5213534	陇
5311254	妓嫩嫖
3123435	秃
4325135	兑
4523425	褐
1224531	莺蓥
5132513	劈
4512341	诬
1225254	蒸
2512431	哨嘡
1211222	撕揶擀
2511441	晏暄暅
5511314	缄缛
2513551	呜
2514154	咳嗾
4131535	庇
4122341	鸾銮孪娈
1214152	摔
4414451	溶渲涫
4414353	涕
2511122	晰郢韪哢𨟠
4415242	涵
451152	讳
5511112	绑
1122135	匿
2514142	啼
1121351	珊珞玥珣
5513441	绥
1121324	瑰玳璁瑔瑀顸瑖璬
2514451	喀喧嗐噻
2534131	贿圙
5314513	妒
1211251	垣捂堙㙘
1234542	桶杼
1213534	坎
5511152	纬
3525124	稣鲸鲋鳃鲠鳅鳗鳏鲛鱿鲟鲧鲅鲢鳟鲙鲮鲰鲡鳔鲶鲥鳚鳉鳜鲼鲯鲽鳆鲦鳀鲺鳒鳡鳠鳈鲿鳂鳋鲏𩾌
1234154	栋梿杙
5513542	绛
3554255	胤
5132431	屑
4143123	彰
4525124	谴谡
3251135	兜魍
4421522	惭
2534124	赎赙赇
4411311	涯
113252	邢
4512224	谟
3212511	僵
1341211	奎奢
3235112	佣
5212124	陡
2512111	啡畦
3511324	腺腴
2243142	凿
4535135	诡
3212152	邱
3443554	奚
3211211	倩
5512122	绰
1153421	盏
4414124	汴濠滦瀼
4413532	淘漪泖澥
4453432	窑窬
2512123	踢
1211434	挟
1353411	垄聋砻
3123431	稻稚稠黏稃
45315	讫
123415	朽
4413455	沧
4425421	怡
4334252	灿焊煓
2515514	哟喙
3553251	饷
1225511	蕴荭
1215222	拙
1234324	槐樵檄槌榭椴楩梴
5514455	驼
3443255	觅
1134254	蚕
3231554	侮
1214435	搅
5153354	弧
4523414	衬襟袜褂褥裢裱襫袪
1221134	芙
1354541	殆翃
2432524	敞
4534432	谣
2514554	咏
4413511	澹淜
4523411	褚褡
5513511	绸绷
1224451	蓉蓿萱苎菪菅
3113432	矫
5514153	纺
4125141	膏
2513232	哗
4452431	宵
5212535	陋
2254251	肾
1225231	荫
1223251	孽藠
3534134	狡
5311215	姥
5325144	迦迢袈
2511125	匙眦氍
2524141	幢
441354	汲汐汋
4543124	谜
3112521	罐缸
2534351	赂赡囵赒
1221432	苹
1211223	捞墈
3225121	侣佃侗儡
1224544	芯荧蕊苾
4521531	谑
3542421	咎昝
1521121	辐轱
315454	迄
2523445	岑
2512544	嘿
1213542	捣挚
1121412	璋𤧛
3515452	邸
2534134	赈
4251211	闺阖阇
5314455	婉姹
4153311	旌旃膂
3253251	伽
2513252	啤嗥
2515321	咖
4535	讥冗
3535122	删
5314134	嫉嬷姣
4423532	懈
1211554	拣
4422515	愕悒
3453454	忿
2514311	嗟喽嗍嗌
3511123	膨
1325123	砂
1223441	荽莩
3251322	僻
4414544	泌沁
4334121	灶煳焐烜爟
4132254	褒
4411124	沫渍
4415152	沸
1251434	逗豉
4251121	闰
2511144	眩眯瞑
4451224	寞
5514311	缕缮缢
3511445	腕脘
4134142	痒瘴瘁瘅
1221214	菱葑菝蔫蕻莰蒱爇薳
1121531	鳌鏊骜珈聱玿
5225124	陨隈
12345	札
5225151	亟
1431344	颊
543112	牟
4511324	诫
4424321	憎
44112	汁汀
2543122	黜
4413411	洽淆淦㽏
455134	诀
5511321	缅
4414511	泻
4413435	沦
3111552	铎钌锕
4422122	悼
1222524	蔑萝甍
1225411	茎
1251232	剌
1252344	枣棘僰
5433415	凳
3251131	皓魈鹎皤魋皛
3252212	衅睾
3212515	偃
4423541	恪
3113444	迭
521135	阮
4414554	泳
4132342	奕弈
4513312	肇
2521254	岐幖
4421241	悖
3545531	鸳
4524311	祚
1531351	翘
5515452	纾
4544535	诧
1214324	撇
1215251	拯
3215351	偕僭
25211	冉
1214452	拧撺
1225215	蔬芭芤
3322521	徊
3551152	邹
2515454	嗓啜
2513444	嚼嗳呤噙喰
4334233	炒
2534441	贮
3232512	俾
1251125	匣
3414431	佥
4411535	浇沘
5213134	孜
4424322	惮
4415413	渗漻
2523534	岚嶷
4411352	洌
1353432	尬
2523124	巍峨嵊
3531124	逛
1351314	臧
4414254	澜
3231231	倭
4415151	溺湣
3155415	毓
3511134	胧豚肱肽胈
4135413	廖
2521224	嵌巅嵘幪㠓
3111543	镑铲钫锑铴
3254315	粤
5515454	缀
1212235	揽
3111551	钮锯锰钕镫镅锔锱铷
5415411	翟翌鹨翯
3223544	倏
1211432	坪抨
3211132	俸
5315455	弩
5513214	缎驸缏
1211155	髦髡髭鬣鬈髢
4325231	瞥鳖
3134	夭
5511134	绒
31234	禾
4334125	烤煁
551322	驯
2522431	峭
252151	屿
31211	乍
452452	祁
2522514	帜幔崽嵎
4413452	汹
1223244	蕉
4312531	酋
4312514	煎
5545544	畿
1221255	靴靶觐鞔鞨靰
3234454	伶
4422513	惕
4254134	闵
4415411	泾濯
1234333	杉
1121244	琐
4334415	炕
1521544	辍
3235434	侈
4424134	慷恔
5533444	飨
2511541	曜咥
35115	甩
4453452	窟
3523414	玺
1513534	欤
3235444	佟傺
1211355	扼
4413312	沂
25251	凹
4131235	麾
3115434	毯氮
4413453	汾
1121454	琛琅珌
5515434	骏骙
5515413	缪骖
4531554	诲
4334533	炀
5213421	胥疍
3111544	锭镶锵镁铉镀铰镰锒镳铱锿镞锬镔镧镓镲镱镦镟钬铋镃𨱔
4524354	祗祢祋
5452335	矜
1213232	郝
3212243	俨
4541433	谤谚
2522515	幌崿
5514142	缔骍
12134	扒
3215124	牒牍
3542514	惫
5511214	绫缬
3413251	肴
2513431	鸯唑
1221523	芽勚
2511345	呕唵
4422512	悍忡
35154	氐
4253214	阀
2514414	啵嗨
3112123	甥
5243131	隘
2525144	迥
3115541	氢
5412444	怼
1352231	尴
2534541	贻
5154315	粥
4412513	渺
5514312	彝绊骈
5512235	缆
4251254	阑阈
4135	亢
4252514	闽阒
5412144	迳
1134112	辇
5513435	纶
1221154	芸
4134135	疮疙瘪疱
3251512	阜
5225114	隅隰
4414513	沪
1213351	耆耋耇
1215454	揉掇搡㧐㙍
5115341	垦
1121415	琉珫
4523434	袄袱褓
1234214	椒桢
3322111	徘
2521342	崎
4421452	懦
1121154	琏
4424254	悯
3251335	伲
5314452	婶
5314141	嫡
4122342	挛峦
4415341	涩
4453451	窘窿
3532534	狈
1212522	揣
2513451	嗡
121121	圭扛
3225135	侃
1234412	梓柿樟
112454	迂
4513434	诙扊
4414455	浣沱涴
1213355	耄
1325342	厕
3553153	饬
4524214	祯
1152341	韬
3323521	徇
1212151	墟
551124	纣
2543145	罔
2514151	唷
3115514	氯毽
4451314	宸
4313424	蠲
4413544	涤漈
4134544	衮
1353414	龚䶮
1343341	盔
3215315	侥
3212121	僖佶
3125434	熏
4411344	汰潦㵐㳚
3115211	毡
1121121	瑾瑚珥玒珪瓘瑨珸
4123541	酱
4451321	宥宕
251153	曳
1221135	芜芫
4412531	泗泅
1254314	柬
4134151	瘫痉痂癃
2513544	咚哆
3443521	孚
2513121	唾咋
2125341	卤鹾
442124	忖
2515131	喔
2522124	帧
2515224	嗤
4414142	漳
4413224	濮浟
4415131	渥潺
4252512	闸
3532551	猾
4134155	疤
1211215	拷
3534454	狩
4513255	扈
3115441	氨
3511241	膛
321254	伎
2522141	罹詈罾
1215544	拇坶
3211531	佞
5121154	遐叚
2514141	嘀喑唼噇
1451325	匾
1342515	奄
4455413	寥
1223522	蓟擎藓
3511415	肮
1454454	忒
4112344	凇
3551221	饵馑
1325135	矶矻硊
4415551	淄
5211452	孺
13241	丕
3523444	迩
3545414	袅
5132412	犀
2511324	嘎嘁暹嗄
4415334	烫
1234151	楷桎
4541431	谪谙
2523431	幡峪嶓
4334324	熄煅燠熜燋烻
5515151	缗
311553	氖
3215422	岱
1234221	槛
1452445	雹霓霭雩
2521214	峙崚崶崁
4411243	渤
1354351	殉
1225421	苔
5513521	驹绚
3511213	胪
1221152	苇邯
3123414	稹穗秣秫
4512215	谌
51	刁
1234451	榷槠
5311214	嫣
3443114	爰
4541351	谘
122354	芍芄芨芃
4455214	寐
2525132	崛
4541432	谛
4412534	溅汭
515525	弛
4134144	痰瘀痫癔痃疢
1214314	擞撙搛
4134554	紊
3511254	腮腆臊肭脶
1215543	拗坳
2513521	噜
5552515	邕
4535321	谄
3555154	馔
4534111	诠
5115411	暨
1112111	彗
2151314	颅
3225115	偈
1213435	抡
551134	驮
4523432	裨褕
54132	弁
2513141	噬
1211255	堰揠
2515222	咄
2512151	嘘
55154	驭
5312432	嫦
1213551	坞
1211151	髯髻髫髽
3545124	枭
2513421	盎
3511154	胰胨
351354	夙
3535434	狻
2511225	噶呓
4413524	涣泺
4531254	谀
4415115	溉
453235	讹
4421153	恸
4423534	惚忺
4422525	恺
1234125	麓榧栲椹栳棽
5314354	妫
5511511	辔
4545431	谧
5134314	屎
1234531	枷楹柖
3453252	岔
3111515	钝钙钜铐铙铑钷
2514135	吭
3434454	怂
1212224	贲
1354444	殡
2511322	晔
1225321	茄苕
2521522	崭
4421311	惰
4155155	氓
4554151	诩
4525125	谔
3511131	胚腼
4412154	滤澽
1223124	薰藜莪莛萩
4334451	煽
2512115	毗
2432514	逍
1223324	薇蓰
4414154	瀛澈淤漩泫瑬
4134121	瘟疽癯疸瘿痼痱
4134124	廪瘰
321214	乓
452534	讷
4134251	吝
1245521	孛鹁
4334441	熔煊
4423312	忻
3443125	虢
3541524	桀逄
3224345	傥
5512111	绯
1325113	砌砺砑磡
1212153	掳垆
1211344	撩挞捺撅垯
1215514	掾
1431342	郏
4411354	涿泷
3535451	鸠
1224525	蔼
3544434	炙
511112	聿
1224132	萃荠藦
442312	忏
2511244	嗦嚏
1152534	韧
1234253	楞
4453455	穹
3111535	钤铣铯
3322512	衢
551315	纥
1345351	鸥
3535115	觥
1251215	匮
4412124	濒浈
4553421	昶
4351522	剃
3412344	弑
35511	刍
3554134	饺饻
4124	卞
4334414	炫炆
4524321	诮
5221213	陟
3111541	镕镂镐锏镒锫镝铵镨
1213115	撬
2512532	郧剐
4423112	忤
1521351	辂
1221121	菁
3245354	侬
5413411	叁
5314254	娴
4413214	涎浜溲洑潟
1354254	殃殒
4423244	憔
4423121	恬悸怍
4525111	诅
2543125	黔
1211244	挝
4534434	谖
4424535	忱
1225311	茹菇
2515435	吮
4532414	谯
1121224	璞
521132	阱
2511524	饕啭
3534132	猝
1234434	樽棪
3244521	倌
5511221	缙绀
1221231	苯葙
251554	吆
4535512	诤
3254321	傩
12525	匝
1325121	硝砧硐砠
1354354	殁
4411434	涞浃
2243152	邺
5311345	妪姱
1224554	萦
3535113	觞
4515212	郓
5131225	屉
1223555	苞
2511152	眸
441512	汛
4135121	凋
4334411	焙炷熵熇焞
4133555	庖
1211451	擂攉
3445451	翎
4513134	戾
5512531	缨驷
5225214	祟
5325153	劭
4511124	诔
3541333	彤
1221	廿
4521111	诽
5512114	骥
1215212	罄
4545132	谝
1324352	甭
1325125	砚碣硙𥔲
12132	卉
4452524	寰
4413112	湃
3212135	佬
4251345	阉
3212234	儆
5313445	妗
1243121	啬
2513455	呛
321511	臼
5154312	鬻
3551131	雏
1221124	茉蒜
5513534	蠡彖
3354143	舫舻舠
5151534	愍
3531254	獭
4134545	兖
1121211	鹉玷琲
5253254	陂
3123412	秤嵇秆
4135224	麝麒麋麇麖
4524345	谠
351153	肋
4251152	闱
3251145	皖
321213	乒
5511251	缰
345352	邠
2523132	峤
2512112	畸町畀
2513354	呱
15215	轧
5511344	缭
3454154	瓮
2511115	眶盹哐眄眍
4413412	渝浠瀹渰
1121122	珂
3324414	愆
3544454	夤
4134312	庠
4512111	诖
2512531	嘤
551534	纫
3152544	迤
1213511	堋
4111254	燮誌
4411525	沌
3443311	鹞
5314122	婷
1121514	瑕玦琭珢
45252	讪
5514124	骧缞
4422532	恻
4134133	疹
5243134	隧
1351155	厩
1121444	琮琔
4453444	邃
3231232	俐
125111	亘
2525221	圜圐
1213531	掐
3115251	氤氲
4412122	淖
4535311	诳
4412522	湍瀱
1252212	剽覃鄄
3112342	搿邾
4254154	阂阏
1214511	壹掮壸
4512512	诃
1521343	轸
4412525	涔
1222534	芮
1134244	忝
4134424	斓
1521514	辗
3211251	盥
1521551	辎
5313444	媛嫒姈
3543521	孵
1354341	殓殍
1222121	芷苫
1313444	魇餍黡
3531344	獠獗
4131135	庑
4524124	祺祛禛祾
4255434	阕
1215444	搔
1234541	橙橘栩柽
1215413	掺
4412341	娑鲨
4143154	竣
3241254	僦儴倞
1223541	茗茑
1341155	匏
1215422	捅埇
4411353	沥
1223214	苻萸茯
1223241	莅萑蓓
3231134	佚
4312511	翦
4414532	浒
1224524	荥萤蓂
3111533	镌锈钐
2511515	昵
1225353	荔
2511434	曦炅晱
2512143	蚴蛎螃蚜蟛蜴蚡蚄蜐
3241113	隽
4535154	诋
5452331	婺鍪鹜骛瞀
3531342	猗
1221451	蕾藿
1521122	轲
3111525	铠锷锟镋
1221241	蔷荸
3111542	锌钭镛锎铈镩
5434354	逡皴
4554251	诒
3253541	囱
2525211	嵋圌
5313121	妊
4513211	扉扂
3535152	狒
4411255	沔
3121411	犒
2525131	幄崌
4455211	寤
4134125	疵
4531215	诜
4531231	诿
4334352	烽㶲
4533121	诟
2513555	咆
4424455	惋
2514314	咪嗞噂
4334514	烬炔煺
2514534	哝
5232511	隍
3512351	鸨
1223154	苌莓蘩
5114522	帚
2511332	昕
3534452	狞
3212544	俪
5315422	帑㛚
1211311	捱堐
1121434	琰璲
1225121	噩
4334341	焓燔熻
3254312	侔
4251344	闼
4422522	惴
4424141	憧愔
1211531	揩
321523	伢
4413124	湫
1112532	挈
4415311	洳
4134153	疡瘳瘆
3532512	狎
4422545	惘
4423521	恂
4423511	惆憺惛
354152	舛
1223445	藐芩
4414452	滓渖泞
1224322	蕲
2511223	唠嘞
4155334	饔
3434111	釜
1334	仄
12515	叵
1312211	厝
1222521	薯萜苒茴瞢苘
3324153	彷
4143451	啻
4154524	袤
2512244	噗
1223312	芹
2514334	啖
3511245	胱
523354	阪
4541251	谆
4411213	澎
5213124	奘隳
1122521	盂
3551224	馍馓
3553441	馁
4134141	瘠瘘瘥疰
3251311	倨偓
3251352	倔
4312345	粑粼
4511125	诓
3212414	俅
3215454	牖
4253215	阋
5514321	缯
5221254	蚩
25221	皿
1223255	蓖葩蔸
5311451	孀
3545145	鸵
4311134	羰羚羝羧羱羖
4411135	沅𣲘
1324152	邳
324451	伫
5515554	缫
5311314	娠嫕
1223515	芪
2524142	嶂幛
5512431	绱绡
1224455	莞菀
4254514	阆
3241112	隼劁犨
311252	缶
1121445	琬
154	弋
2543123	黝黪
3323442	徭
3443533	豺豸
4421124	愫
5134254	咫
1234355	桅枹
4413525	浼
5231211	阼陲
2511255	咂
4524211	祉
4413131	鋈
5442514	蚤
3554311	馐
1223224	葆莜
5314322	婵
4411232	淅
4334112	炜
3555421	饴
5313255	媲
3544334	灸
4545152	诨
5225244	粜
4411321	湎洧
4411223	涝
3243121	偻
4534344	谶
441252	汕
4415211	湄湑
4424131	惦
4424353	悌
4421432	怦
4423455	怆
3244535	佗侘
2515314	呶
1234315	橇
4524355	祇
12152	邛
3323254	徼
33155	卮
3312514	逅
1223434	苁
1112344	耘耦耨耰
1211252	坷塥
1211132	撵
1211114	揍揳
1224131	蘑蘼
4453434	窕穸窳窆窸窊
1535454	毖
1521314	轶
3511211	腓
1325131	碉碓硼砟硇硌硷砼磻碈
4524412	禘
4451344	寮
5452321	鹬矞
1341345	奁
4541342	谇
4253525	阄
4251354	闳
3551254	馕
3551522	刨
3232514	傀
3221252	倬
4412153	泸
5151221	弭
4253511	阍
1521415	辘
3422	刈
3543444	飧
4414143	滂浐
1223411	荃莶
3543344	颎
1345154	瓯
5311132	妍
1354343	殄
1135255	鼋
4413515	淝洈
3235121	倜
351122	刖
5353534	勰
4414135	漉沆
4412344	裟
5315224	媸
4131221	鹧廑
121112	圩扞
3511334	胍
4411452	濡
1223432	芥
2522512	岬
1332324	赝
1224121	蒿
5232514	隗
1253513	醪酚酽
2511454	暝㫰
1234225	榄
1234212	棹
1224512	荤萹
4523423	裼
1212112	鄢
1215155	抿
3231124	侏
2514454	嚓啶
4535351	鸩
1222114	菽
2514452	咛嘧
4421212	悻
5312515	娉婫
5325115	鼐
4421145	惬
4424512	恽
3515431	鸱
2125511	卣
212515	乩
3221111	俳
2521324	颛遄
3553531	馅
3354142	舸舯
1234421	榈
3511444	腚膑腙
2554522	髀骱
1234452	榔
3525123	鲈鲂鳓鲹鳑鱽
2512133	畛
1224144	薏
2243144	黼黻黹
1311341	翳
3411542	刽郐
2521152	帏
2521124	帻
1222535	苋
1224154	菸蔟荄
1214151	搐堉
5514121	缟
1341221	耷
2512521	嘣
4542514	谰
1211153	髟
1121112	玮玕琫玤
1214111	拄
25151	叼
252315	屹
4311122	鄯
1123431	釐嫠
1254252	郦
5314121	嬗
3115512	氟
3212124	偾
5514314	缣
1223512	蒯茚
41552	邙
4251224	阗
5311135	妩妧
353322	刎
1352514	虺
3215341	垡
4425412	怿
4251	闩
5515551	缁
4325244	甑
121425	扪
4415155	泯
4334322	烨
4412512	淠
2513434	嗲㕮
3534324	飕
2513514	哚
3254252	俑
4413451	湓滃
2522112	罱罽
3511343	胗
45112	讦
325341	囟
1532514	虿趸
5425112	甬
5413421	畚
3551525	饨
3553524	馋
2521234	崧
4552252	诎
2125125	觇
2521345	岖崦
1313442	厣
3543131	馗
1213144	攥
253452	凼
1234554	椽橼
2534252	罂
2511544	暌遢晙
4415234	滁
5315212	婀
4134212	齑
4414524	溟
1223554	芟
1225132	薜剋䓛
122553	芗
32534	仞
3534254	飓飔
12253	艿
5155154	巽
4434531	喾鲎
4253444	阌
3121514	犍
2522535	岘
4153312	旆旖
5314353	娣
1354313	殇
1234145	樗
3533552	狰
3444445	鬯
5313531	姗
3512511	匐
1225222	茁
3511155	肫
3553115	饩
3553134	饫
3553214	馊
2523254	嵬嵲
3552515	馄
1221224	萁
4131254	庋
1213231	赭
4554314	诶
4334432	烊郯剡
5512513	缈
122121	芏
2121341	龉龌龆龃
2121345	龅龇龀龁
1344321	鹩
2121232	颦
2511123	眇
4524344	祧
3512514	匍
1225515	莼
5513124	缵
3411231	畲畬㙦
4524	讣
3241344	佼
5254121	陉
1152135	匦
1225214	荪菰
4524112	祎
4254135	闶
2514144	噫
1222154	蘧
2514132	啐哜
3223541	脩翛
2514544	吣咇
1121215	琥玼
1344134	飙
3323251	徨
2511145	眈
3511135	腌胯
1251111	墼軎
2523521	峋岣
5513551	绉驺
2534254	淼赑
1221511	萋
1341154	瓠
3525153	劬
2515424	嗵
2521252	岢
3551241	饽
2525412	峄
1234331	皙楯
2515551	咝
3553121	饪
1234131	柘
5311121	媾婧
4524414	禳
3244534	傧
4423124	愎愀慥
4554521	谲
441515	汜
4415132	涮澼
324135	伉
4412521	洄漼泂
2521314	崴嵅
451515	讵
1221351	蕤薤
4512251	诂
554	幺
4334424	焖
2511135	呒睨眊
4315541	鹚孳
451345	讴
3115125	氪
3251125	皑㿠
4411451	灞
2151331	鸬
1251152	郾
122112	芋
354535	凫
1543541	鸢
5313525	娩
5221211	骘
1225154	嘏蔃
25124	卟
3511333	肜
5515421	绐骀
3111553	镠钖
3512342	剁
1112212	酆
1523454	迓
3533532	獬
1224511	茔鹲蓢
4453441	窭窨
5511354	纮绂
1325153	砀碜
1112343	耪耢耖
2524312	嶙帡
1322	卅
3443321	舀
4451122	搴
5452324	蟊遹
13453	夯
511534	艮
131512	厍
5315451	孥驽
3115121	氩
2513532	啕
3511115	朊肟
5511541	绖
3115414	氦
3531132	肄
4334212	焯
3235131	儋
4334541	熠烃燏
3232414	僬
355533	饧
5213154	戕
1122134	慝
4113542	冽
1354432	殚
5311241	嫱
2511341	晗喹
2432525	氅
2114544	忐
122515	芑芎
1122114	甙
4425434	悛
3113414	榘
2515251	囤
2511535	吡哓
1234142	枰
2515543	呦
1254415	觌
15353	劢
5515222	绌
1251435	豌
1244544	忑
1234311	梏棰柞栴栝
551112	纡
1234442	榉柠
111234	耒
1223322	蘅荇葎
5511231	缃
1152251	韫
3511214	胩
1112131	砉
1215114	垠埭挦
4523441	褛裥
1113431	舂
1214322	掸
3115354	氡
34121	仝
4453542	剜
2524451	崆
1313441	靥
2523412	嵛
3412515	觎毹
1121511	琚珺
1121332	珩
4135221	鏖麈
1221515	苣
1225242	菡
1354251	殂
251135	旯
2523552	峥
52312	阡
5511222	缂
4334452	煸
1121152	琊
4413114	洙
55	乜
4512254	谳
1354344	餮
355152	邬
4133522	廨
2525324	帔
425111	闫
1353332	豳豨
4132154	裒
3534142	獐
3534145	獍
353413	犷
5315452	妤
41335	庀
3413254	欷瓻
3534533	飏
1341254	欹
1122124	遘
4334445	烷
3545114	鹱
3533124	獯
5213555	孢
2511213	嘭
3111555	钯铌镴
3113342	掰
3112454	迕
3112121	眚
3115322	氚
3121132	犄
4523415	袴
4334345	炝
4523412	襦袆襻
3322511	徂
4334342	烀烯爚炌
4535511	诌
5311535	妣娆
3211254	爨璺
4411112	沣
3525131	鸲雊
2514455	咤
5253415	卺
4415511	潍
4424314	慊
4421234	怵憷
2515132	噼唰
1215524	掼
5314312	姘
2514512	啷
1215151	搦
3511344	脍脎朓脟
121515	圮圯
1234233	杪
5555131	鸶
2534255	贶
1234525	杷
4252525	闿
2513253	咿
2524311	嵯嵝
1224251	蔺
1221452	薷
5513115	彘
1221355	苊苉
2521223	崂
3215112	舁
2521221	岵
1221535	荛芘
122312	芊
1223254	蘖蒐菂糵葰薁
5315434	姒娭
12235	艽
2523532	峁
2522115	罨
1225413	蓼
1211212	邽
1211342	掎埼
1225314	薅
1223231	荏
5552534	邋
2522244	幞
5313114	姝
3225125	俜
2522351	岿
4453442	窣
2525215	岜
1254251	鹂
4315111	鹣
135354	尥
251432	吖
3434252	郤
3121544	颋
3321434	徕
2514312	咩
5514353	绨
1354521	殛
4411115	滟洭
3235334	偬
3252211	衄
311155	钇钆
1523431	鸫
41352	邝
2512435	咣
4134113	痨疠疬
5135211	孱
1234252	柙
5133321	屦
1112341	耜耤耱耧耩耠耥耔
1234213	栌
1223531	萏
2515431	噔
255311	囡
3534434	飚
5212214	陬
5513232	骅
5325112	哿
1325122	砷
4434524	泶
3234251	佾
1215554	拶
2523114	帙嵚
1213412	揄
2534451	囹
3443522	郛
1213114	揿
2523411	崤崟崄
3443551	谿
3535154	猕
3234154	佻
4412152	滹
2514111	唁
2121352	觜
5314142	嫜媂
2121112	芈
4534454	谂
1221232	菥
1221234	菘
3241342	侪
4411553	沏
3533215	猊
1234133	枥
4413531	潴
3453121	坌
1341152	刳
3244531	倥
4422251	悭
4425211	忸
1224552	茕
3115111	氰
5232512	陴
3312134	颀
4334131	炻煃烠
2524131	嵴
3551231	馇
4255124	阚
3553541	馏饹
3413542	郄
1223211	蒨茌
3121315	牦
551413	纩
5213252	郿陑
52135	阢
4251231	鹇
3215111	鼹鼬鼱鼯鼩鼫
3544424	螽
3121252	郜
3541111	訇訄
5412122	刭
5412145	巯
1223533	芴
3234114	侩
2154	攴
4351521	鹈
323455	伧
1223123	莠
1223132	荞
1223114	茱
323154	伥
1221524	贳
1221532	荜
1521531	轺
1521254	轵
5212523	勐
1121515	珉玘
2521524	岽
1521213	轳
2554525	髋
1521135	轭
2514514	唳
5513121	缍纴
4334344	烩爝
3113452	矧
1221353	苈
3123214	歃
4523444	襕襚
2511143	睇
4525112	幂
2525135	兕
1221314	蓐葳葴
1253452	邴
1121452	珲
2524314	嵫嶟
1212154	摅
1224454	蔻茓萣葖
2535331	囫
2534514	赆
1234511	榍椐
5315424	胬
5152512	犟
353112	犴
4425152	怫
4425135	怩
4423115	忾
4423454	忪
4421345	怄
3535214	狲
441544	汊
4412342	挲
5241534	陔
32111	仨
4134112	疴疔瘌
2513255	唣
2513244	噍
5135212	屙
531354	妁
3123415	秕秬
5221251	阽
1223451	蓊
121312	扦圲
1521334	辀椠
1225152	茀
1221225	葚茝
3455154	戗
134322	夼
1312512	觱
1324531	孬
4134143	痧
5425152	邰
2511532	哔
3212524	僳傈
3533414	狯狳
4524134	祓
3535111	觿觟
45121	讧
2515152	吲
2523541	翙
4131124	廒
4434514	黉
4535131	谵
2534414	赅
4524454	祕
3534211	飐
4133252	庳
1234335	栀
3525112	郇
4513314	綮棨
32312	仟
3322431	徜
2515432	哞
4421135	怃
3213415	侉
3521535	虓
1215111	捃
1122125	觏
152552	邨
1234512	樨
1521534	轫
1212531	撄
3121352	酂
4553254	诐
1511252	郪
1521255	辊辋
3235251	佝
321345	伛
1234551	杩
4411314	溽
3511342	肸腧
3312512	郈
5552511	甾
5515152	绋纼
3511255	腭
4412131	瀣
4552131	谞
1521432	辚
3324312	徉
2514321	噌
3324152	衒
5511225	绁
3535454	猱
2525152	剀
3321122	衎
112112	玎
2513511	啁
2511451	嚯
3225224	儇
3535435	狁
5512524	缳
4422111	悱
4543123	谫
2525431	嶝
4325242	鄫
1224532	荦䓨
4413252	濞
3115315	毳
311532	氘
4125122	鄗
44253	忉
4414421	湉
4414131	溏瀍
4414354	沩
4411531	湝
4413145	滗
441315	汔
4413155	沲
4413542	洚浲
4413534	沨淴
4412125	泚
4412524	澂漴溦澴
4415124	澉
4415224	滍
4415253	泐
4424454	悰
4424121	惇
4421321	愐
4425454	惙
4425321	怊
411551	冱
4131215	冼
4135134	颃
4125123	勍
4125251	亶鹯
415352	邡
4334454	烺
4334332	炘
4334255	焜
4334511	焗
4325114	冁
4543452	邲
4513442	戽
4515214	皲
4524434	禚
1132514	奭
1121441	瑄瑢琯
1121432	璘
1121155	玭
1121341	琈琀璠
1121312	琍
1121313	琇
1121352	琤珋
1121241	珰
1121543	璆
1121533	玚珕
1154344	叆
1154514	叇
11534	戋
1153422	刬
1343152	劂
1343544	奓
1313534	厖
132	丌廾
1324134	奀
1214414	墚
1214334	掞
1211111	摏堾
121115	圬
1211334	塬
1211353	坜
1211231	揸
1211541	垤
1211542	捯
1211525	扽坉
1213132	挢
1213325	搋
1212523	塄
1212525	垲
1215135	坭
1215124	撖
1234443	桫
1234445	柁椀
1234141	檑
1234153	枒
1234323	槜
1234245	桄𣗋
122	艹
1224143	蒡
1224122	葶
1221212	萚
1221531	蒈
1223454	棻
1223242	劐
1222125	茈
1222551	蓇
1225444	荬
1225454	蓣
1225155	苠
1251131	甦
1255	丏
1521134	轪
1521151	轾
1521341	辁
15255	匜
3445431	鸰
342534	氽汆
3111513	铹
3115431	氆
31153	氕
3115351	氇
3115252	氙
3115542	毪
3134252	岙
3121415	牤
3121452	犏
3121525	牠
3155411	鳘
3312511	垕
3331321	媭
332	彳
3321121	鸻
3325152	彿
3354434	瓞
3244514	倧傢
3241335	侂
3245321	傕
3213241	伾
3215432	牮
321535	仳
3234434	傒
3234111	佺
3231234	俬
32315	仡
32354	仫伋
3221124	佧俶
3254153	僇
3545521	眢
3511111	腈
3511331	腯
3534111	狺
3534124	猄
3534351	飗
3534355	飑
3531231	猹
3531224	獴
3531531	狴
3533411	猃猞
3533122	猁
35335	犰
3533524	狝
3533555	狍
3532155	猇
3532524	猡
353551	犸
3551211	馌
3553411	饸
3552551	馉
2434523	牚
2113552	邶
215315	虍
2341344	尜
2511431	塍
2511432	呯
2511142	瞵
2511342	晞
2511312	昇旿
2511533	旸
2513112	吽
2513334	哌
2513324	嘚
2512434	唢
2512524	哕啰
2515544	呣
2531231	囷
2524321	嶒
2521114	帱
2521132	岍
2521535	峣
2521523	岈
2523424	巉
2522131	罶
2522154	巇
255211	囝
5413435	毵
5454542	剟
5452334	蝥
511	彐
5111244	彟
5153235	艴
5155411	弪
5155224	弢
5311134	娀
5311251	姮
5313411	姶
5313515	姽
5315411	砮嬥
53234	尕
5354254	戤
524	孓
5213	爿
52134	疋
5213432	牂
521521	孖
5231321	陞
554234	糸
5514511	骟
5513322	绗
5515131	骣
5521	毌
4414122	渟漷
4414531	滘
4411432	泙
4411454	澪
4411132	汧汫
4411125	潖
4411241	浡
4411244	溹
4411215	洘
4413122	浰
4413354	溵
4413221	滫
4413253	洢
44135	氿
4412435	洸
4412312	浉
4415444	溞
4415435	沇
4415454	滪
4415451	潏
44151	汈
4415231	漋
44155	氾
4434522	峃
4434554	敩
4424451	愃
4424334	惔
4424514	悢
4421134	悈
4421525	忳
4423441	慆
4425431	憕
4451514	寁
4453421	窅
4143454	遆
4143131	竘
4143132	竫
4112212	凘
4112524	凓
4131214	庤庱
4131514	庼
4133254	廆
4132111	亹
4132514	廙
4153411	堃
4334122	炣
4334314	烶
4334544	焌熥
4254111	訚
4513414	扆
4513354	扅
453452	讻
4524413	祊
4524551	祃
4524554	禒
4525251	诇
1134252	鬶
1121142	玶瓀
1121111	瑃
1121131	珛
1121151	玙
1121153	玡
1121345	玱
1121245	珖
1121541	珝璒
1121512	珒
1121532	嶅
1121521	瑂
1123434	漦
1122122	斠
1152134	韨
1341255	匼
1311344	繄
1325	冇
1351121	尪
1353441	詟
1245254	疐
1214143	塝搒
1214144	擿
1214125	塆
1211455	摴
1211242	邿
1213441	垺
1213515	扺
1212435	垙
1212123	埗
1212244	墣
1215531	毐
1234435	棬棁
1234454	桹栐
1234144	梾
123434	朳
123453	朸
1234555	檵
1232515	鼒
1224452	苧
1224312	荓鄑
1224334	菼
1224332	蔊
1221322	鄀
1221215	荖
1221222	萳
1223115	芼
1223354	蓏
1223222	茽
1225151	蒻
1251432	剅
1535121	坒
3445121	盦
3415212	侴
3453314	攽
3455351	鸧
3113441	矰
3112131	甡
3112312	犇
3121413	牥
3121134	牻
3321342	徛
3321222	衠
3321535	虒
335112	甪
3241554	伭
3243124	僔
3243344	倓
324544	伈
3245434	佖
3245114	俍
3214312	伻
3211124	偰
3213114	傉
3212215	偡
3212212	倻
3234	仈
3234131	俙
3231221	佸
322535	伣
3254251	佁
325115	癿
3251252	鄅
3251554	僎
3252214	衃
3511142	臑
3511315	胣
3511511	腒
3511522	朏
3531114	猰
3531321	狉
3533442	猺
3532151	鹐
3532522	猯
3535212	峱
3552	卬
3555222	饳
2514322	啴
2511412	暲
2511453	昈
2511343	昣
2511334	昄
2511241	哱
2511542	昪
2512215	觍
2515421	咍
2515154	噀
2535521	觃
2524134	峧
2524132	崒
2524325	帨
252454	辿
2524514	崀
2521322	峏耑
252135	屼
2521352	峛
2521231	嵖
2521225	嵁
2521515	岠
2523121	岞
2523242	酅
2523245	嶲
2523544	峂
2523515	峗
252252	屾
2525411	嶍
2525242	崡
2554523	髎
5413234	鴘
5415413	勠翂
5112321	鹔
5115451	堲
5133541	鸤
512154	厾
5154124	弶
5151531	暋
5153511	弸
5155321	弨
5314451	婠
5314315	婘
5311452	嬬
5311154	妘
5311344	嫽
5311342	婍
5311334	嫄
5311324	媆
5311354	妭
5311212	婞
5311222	嬅婻
5311252	婳
5313442	媱
5313434	孅
5313311	姤
5313251	媓
5312114	婌
5312152	嫭
5312524	嬛
5315413	嫪
5213122	牁
5215252	岊
5234122	隃
5231124	陎
5232544	隩
5253414	烝
5255544	乸
5541455	毑
5511451	骦
5513431	绤
5513532	绹
5515511	骉
4411152	𣲗
4413434	㳇
4334141	㸌
4511544	㮾
453312	䜣
1112531	䂮㛃
1121145	㻬
1354221	䴕
1214415	㧟
1214354	㧑
1212254	𦭜
1224453	䓖
1222124	䕫
125452	𨙸
1521245	𨐈
1523541	䴓
3321531	䴘
3241324	㑊
3235511	㑇
3541431	𦝼
3511433	䏲
3533412	㺄
2443551	㤘
2514254	㘎
2511554	㬎
2524124	㠇
2521151	䎃
5413252	𨚕
5232155	𨺙
5225252	䢺
5252	𠙶
5511452	𦈡
5512521	䌹
1222122	䓬